Model,Silhouette Score
KMeans,0.07228364495512737
Hierarchical,0.021222434096734594
DBSCAN,-1.0
GMM,0.07000752398302941
Spectral,0.06389788025183467
